Id,OverallQual,GrLivArea,GarageCars,TotalBsmtSF,YearBuilt,FullBath,BedroomAbvGr,LotArea,SalePrice
155,9,1592,0,2339,2015,3,1,14987,299313
284,3,2319,3,1505,1953,2,3,14265,213583
48,4,2341,0,636,2016,1,2,14757,190903
38,7,3675,0,823,1981,1,1,12030,306422
35,7,3037,1,903,2023,0,1,2406,302296
16,5,2506,2,342,1979,2,2,12139,251312
66,10,1615,2,1635,1972,0,3,8787,243993
197,5,2707,0,1346,2020,2,5,4817,275810
236,5,3646,0,1093,1962,1,2,2285,255905
264,3,3414,3,2154,2002,3,2,3689,352583
87,3,2991,1,2492,1993,2,5,11600,305681
139,6,3843,3,524,1960,0,1,12829,288405
273,8,896,2,836,1992,1,1,10435,207531
248,8,3467,1,1284,1979,2,1,11715,321817
121,10,616,1,374,1959,1,4,11654,144602
123,3,3338,2,2170,1966,2,5,11776,312457
151,3,3657,1,438,1969,1,5,8780,246427
213,7,2944,0,1992,1980,0,1,4665,277789
122,10,2353,2,303,1994,2,2,14868,301751
76,10,1648,3,1954,1969,2,2,4359,317598
218,7,3046,3,1222,1986,0,5,13151,338807
109,6,1135,2,1826,1983,2,5,3316,221531
69,7,2323,2,1326,1985,3,2,6445,300153
84,1,1337,2,2433,1987,0,3,14149,170137
60,10,899,3,825,2004,0,2,2105,220562
285,6,1217,3,963,2008,2,5,9629,252115
242,3,3568,3,1011,2011,2,1,11958,341383
39,2,3964,0,2268,1999,3,1,13380,306748
237,7,912,1,2134,1967,3,5,2148,210516
150,9,1496,3,2217,1985,2,4,11769,316608
41,9,3747,2,2053,1957,0,1,8542,371266
224,2,1275,2,816,1953,2,2,12754,127783
183,1,3309,3,2151,1957,2,4,13015,300918
33,5,3509,1,1328,1981,3,2,11196,309728
141,10,1203,3,412,2008,2,2,8652,283089
252,4,2071,2,1647,1998,2,3,6576,235000
204,6,1456,2,2297,1958,3,2,2661,224163
286,8,3282,1,324,2021,0,3,10325,296238
262,2,2826,0,1945,1997,0,4,11917,207814
3,8,3920,0,841,2010,1,4,9010,360609
292,3,3640,2,584,1990,1,2,9842,285461
200,6,2431,1,1292,1975,0,2,5874,217440
245,6,3965,0,645,1965,2,2,3012,304695
202,1,2927,0,1548,1963,2,5,11686,220538
257,9,3210,1,1313,2017,2,3,2340,358541
117,10,1581,1,1546,1989,1,2,9000,267965
178,2,2281,0,1619,2006,1,4,7051,204861
288,5,1350,1,1503,2012,3,1,14111,232781
1,7,1560,0,1658,1969,2,1,8059,177106
7,3,1106,2,1096,1962,1,4,11153,145539
23,10,2258,3,1199,2015,0,3,13214,327036
256,3,2187,1,2228,1979,1,1,4408,227398
113,5,1156,2,542,1976,2,4,8674,173807
182,5,3794,1,1552,2011,3,1,6255,346423
279,6,2992,1,1238,1960,2,3,10785,265591
152,7,3244,3,2326,2011,2,1,14200,378236
171,3,1812,1,535,1968,2,2,7189,163560
153,6,3856,3,1201,2022,1,4,8602,380236
124,7,1650,0,945,1975,1,2,2482,178656
297,5,3438,3,1266,2003,0,1,9373,329906
88,1,3160,0,2372,1973,3,5,7291,269284
30,4,3859,3,971,1978,3,4,12737,343597
289,1,1890,1,1009,2003,0,5,9693,159684
110,3,1629,3,1930,1966,0,4,7699,209025
194,1,2805,1,1618,1981,3,4,7249,259421
13,8,2800,2,1773,1978,3,1,8471,343023
104,7,3370,2,2289,2019,2,1,12823,400262
230,9,614,1,2200,2015,3,4,14917,263814
129,7,1581,3,1764,2003,0,2,10853,264708
189,6,1015,2,900,1964,0,4,9979,161478
185,3,2131,1,1024,2019,1,1,3735,190988
220,8,2582,0,1420,1989,2,3,14944,283097
239,9,3991,2,1983,1988,3,5,8549,424406
11,4,1639,0,368,1981,1,3,8228,131861
207,4,2136,0,2270,2008,1,3,12060,251273
12,8,690,2,2400,1979,0,5,14057,209288
112,3,2182,3,1058,1974,0,4,8807,226280
164,4,3459,0,1642,1974,1,1,7101,272774
191,4,3339,0,1365,1975,3,1,14345,262938
179,2,3671,2,2155,2004,0,3,12756,319207
59,6,3059,0,1025,1963,1,1,9311,245441
280,7,3804,2,1254,2011,2,2,7548,394317
174,1,856,1,2208,1998,3,4,2707,153184
180,6,3349,0,1672,1996,1,4,4475,290773
210,3,1691,0,1502,2008,1,3,11208,197888
263,6,2764,1,1505,2014,0,2,9574,298745
148,9,653,3,1873,2005,3,5,13921,280271
29,7,1125,0,392,1957,0,4,7445,136537
269,1,1095,0,501,1961,3,5,10597,82494
283,6,3002,1,1502,2001,3,1,13479,306773
247,1,3004,3,2488,1959,1,2,12699,266480
99,9,1491,3,1841,1953,0,2,6616,251730
100,8,3431,0,1605,1975,0,3,2009,304175
134,6,1641,1,1968,1975,0,4,9622,220641
206,4,3998,0,2451,2021,2,1,13811,341701
58,6,2868,2,355,2003,1,1,8894,253397
98,7,1376,1,922,1971,0,4,5097,179950
83,8,1181,0,1554,1986,0,2,11667,166363
254,8,1508,1,426,1994,1,4,8257,226986
82,9,2215,2,1596,1954,0,3,7203,281530
101,2,3921,3,2061,2007,1,3,12617,346529
78,9,2861,3,2375,1951,3,4,10636,353246
70,9,3274,0,1946,1978,0,2,5530,319994
53,4,2029,3,2190,1981,3,3,10564,289968
118,7,2474,2,305,1961,3,1,2145,252495
271,4,1228,3,1236,1986,3,5,6437,228168
281,6,575,2,1175,1974,1,2,3826,137796
294,3,895,2,1302,1955,3,3,9002,156623
221,1,3274,2,1250,2004,2,3,12123,285964
95,7,1626,1,410,2015,0,1,8869,183475
125,1,3964,0,417,2011,3,4,5179,287916
111,1,2193,0,1460,1986,1,5,14337,178950
177,1,3069,3,1870,2023,1,5,5713,329909
45,10,3306,0,1379,2008,0,2,14046,337737
291,5,1384,1,1484,2006,3,4,14686,220557
196,8,1395,2,2188,1965,3,3,7291,267838
203,9,2068,1,802,1956,2,4,6211,243134
18,8,3827,2,2458,1989,0,5,6760,397482
54,2,3450,3,1576,1995,2,5,13827,331441
108,8,869,0,1905,1987,0,2,5225,158414
102,1,546,0,2275,1978,3,5,7752,134900
154,8,1743,0,989,1975,0,2,13543,204688
107,3,768,1,2033,1990,2,5,3072,165288
20,2,627,0,2442,1967,0,1,7252,89957
258,3,3761,2,350,1967,1,5,4817,270247
103,7,3414,0,1176,1986,2,5,11852,320091
116,5,2310,0,1219,1955,1,4,5273,174716
92,1,2095,0,2456,1963,2,2,8284,184178
50,8,2955,2,1580,1957,3,2,8012,327766
63,2,2406,2,2425,2023,0,4,14289,288640
232,1,3767,2,2394,1991,2,4,8099,309211
77,9,2697,3,784,1960,3,4,10105,318772
6,10,680,1,2480,1950,2,1,13081,213952
136,10,987,3,1441,1970,2,5,11738,285161
275,3,3590,2,2422,1988,0,4,6107,324686
142,7,1970,0,2487,1988,1,4,10632,242713
201,6,3237,2,2492,1956,1,1,12593,316070
24,6,3113,0,659,1987,3,3,13563,283053
31,9,3401,1,2269,2004,2,1,12603,376248
94,10,504,0,2458,1989,3,5,3300,215533
157,1,1508,3,560,2022,2,1,13794,192605
43,10,2000,3,2394,2006,3,4,10906,385176
167,10,2979,3,2243,1952,3,5,9843,405664
241,3,3848,0,2165,1978,0,2,14743,263661
238,9,3947,0,2416,1981,3,1,6037,395010
198,4,1351,2,874,1966,0,4,12853,135416
90,3,2811,3,366,1979,3,4,11900,271772
251,8,1622,3,655,2014,2,4,5725,296330
233,2,1325,0,429,1983,2,2,14135,92706
299,3,3722,1,1407,1998,1,1,8097,303345
274,7,1198,2,1925,2019,0,3,14777,258761
186,2,3316,2,2352,2021,1,3,11777,312483
243,4,3308,1,2370,2011,3,2,6895,345796
223,9,589,1,2157,1964,0,1,9123,161577
68,8,1333,1,1330,1968,1,4,13608,199783
208,3,1791,0,497,1988,2,5,12526,177294
46,5,1037,1,406,2021,2,2,14611,189831
287,2,3955,1,2290,1969,3,1,5138,294884
226,10,3517,2,2165,1962,3,1,2236,405010
240,3,1228,0,310,1995,0,5,9121,131309
176,1,2285,2,1460,1966,0,1,8704,154885
93,5,3551,3,1469,1958,2,3,9285,308101
162,8,952,0,1919,1992,0,5,11382,203205
175,8,2570,1,675,2010,1,1,3804,275894
5,7,801,1,2428,2020,0,1,9117,193656
56,4,1184,3,602,2017,3,3,5610,235176
270,5,2403,0,416,2008,2,1,12382,213838
49,7,1420,2,1349,2000,3,2,6882,260686
170,2,2135,0,1904,1961,3,3,12106,174649
265,9,1372,0,866,2022,3,1,5267,236743
277,1,2135,0,774,2012,0,5,14329,155462
192,7,835,1,2436,1975,2,1,9426,178408
266,4,2321,1,1235,1964,1,1,6406,181535
106,5,3203,3,1760,1991,3,1,6815,355326
37,9,1284,0,1728,2004,0,1,6431,196450
160,8,1457,2,2360,1950,2,2,3125,231894
261,2,2048,3,1936,1974,3,2,7299,249896
209,10,1940,1,1969,1967,1,5,5374,290569
132,7,3349,2,1715,2002,1,2,12658,335769
282,6,764,2,1062,2020,1,5,13421,225589
67,4,3925,2,1182,1968,0,4,4137,317360
158,3,2641,2,2242,1989,3,1,7699,289461
25,9,1069,0,2019,2000,1,1,13022,204186
290,1,643,1,2179,2023,3,1,10264,135263
147,9,3647,1,619,2018,2,5,6358,379512
61,4,3201,1,773,1997,3,4,7539,302167
166,1,3021,0,2294,1984,3,4,14640,250335
228,7,3569,0,2232,1965,2,2,6443,327834
40,4,745,1,1401,1956,1,5,7243,133297
216,1,3873,2,777,1994,2,2,2632,294974
126,4,2431,1,1929,1995,1,2,3249,249294
32,3,2186,0,360,1952,2,2,8570,129160
80,9,3913,2,1362,1961,3,1,7047,381347
44,9,2205,0,1444,2016,0,2,6146,278333
137,9,3808,3,2110,1960,0,2,10841,384804
140,4,1712,3,831,1985,3,3,3100,238693
36,5,1909,1,981,1983,2,2,11206,190530
193,8,2282,0,2163,1996,2,4,10533,311099
26,1,1846,1,580,2012,0,1,10234,129364
249,4,2739,3,1939,1974,0,2,4785,289107
96,10,1719,0,1793,1974,0,3,11435,224204
234,1,2149,0,394,1979,2,2,10555,122139
293,4,3670,2,362,1952,2,5,8721,300159
161,6,3559,0,1491,2010,1,3,12793,303459
244,8,1175,0,1114,2006,0,3,7280,190938
144,7,3337,1,2348,2004,3,4,7016,381469
21,5,2565,1,2294,1950,2,4,6399,259988
62,6,1471,2,327,1956,3,2,11873,174291
114,3,619,2,1363,2006,2,4,5683,175831
91,3,3624,0,532,2008,0,2,13130,241072